url,og_type,og_locale,og_image
"/about-revops/","website","ja_JP","https://consilegy.com/images/og-default.svg"
"/analytics/how-to-resolve-the-search-console-error-item-id-is-missing/","article","ja_JP","https://consilegy.com/images/wp/2023/10/id.jpg"
"/analytics/","website","ja_JP","https://consilegy.com/images/og-default.svg"
"/analytics/microsoft-clarity-gtm/","article","ja_JP","https://consilegy.com/images/wp/2022/04/microsoftclarity.jpg"
"/analytics/microsoft-clarity-masking/","article","ja_JP","https://consilegy.com/images/wp/2022/04/clarity-masking-1.jpg"
"/analytics/site-kit-by-google/","article","ja_JP","https://consilegy.com/images/wp/2021/08/sitekitbygoogle-1.png"
"/case-studies/ai-gtm-automation-product-integration/","article","ja_JP","https://consilegy.com/images/wp/2026/03/s-o-c-i-a-l-c-u-t-1RT4txDDAbM-unsplash.jpg"
"/case-studies/building-a-self-operated-web-foundation-in-one-month-with-hubspot-cms/","article","ja_JP","https://consilegy.com/images/wp/2026/02/campaign-creators-OGOWDVLbMSc-unsplash-scaled.jpg"
"/case-studies/e-commerce-subscription-ltv-data-architecture/","article","ja_JP","https://consilegy.com/images/wp/2026/02/sumup-ShB9pI4mpRg-unsplash-scaled.jpg"
"/case-studies/ec-subscription-ltv-data-architecture/","article","ja_JP","https://consilegy.com/images/wp/2026/02/sumup-ShB9pI4mpRg-unsplash-scaled.jpg"
"/case-studies/ga4-kpi-design-global-analytics-2/","article","ja_JP","https://consilegy.com/images/wp/2026/02/ga4-looker-studio.png"
"/case-studies/ga4-kpi-design-global-analytics/","article","ja_JP","https://consilegy.com/images/wp/2026/02/ga4-looker-studio.png"
"/case-studies/healthcare-data-integration-ops-enablement-2/","article","ja_JP","https://consilegy.com/images/wp/2026/02/shawn-powar-hDeq8NBTNS8-unsplash.jpg"
"/case-studies/healthcare-data-integration-ops-enablement/","article","ja_JP","https://consilegy.com/images/wp/2026/02/shawn-powar-hDeq8NBTNS8-unsplash.jpg"
"/case-studies/https-consilegy-com-case-studies-ai-gtm-automation-product-integration/","article","ja_JP","https://consilegy.com/images/wp/2026/03/s-o-c-i-a-l-c-u-t-1RT4txDDAbM-unsplash.jpg"
"/case-studies/hubspot-cms-migration-marketing-operations/","article","ja_JP","https://consilegy.com/images/wp/2026/02/campaign-creators-OGOWDVLbMSc-unsplash-scaled.jpg"
"/case-studies/hubspot-sales-handoff-lead-to-revenue-2/","article","ja_JP","https://consilegy.com/images/wp/2026/02/dx.png"
"/case-studies/hubspot-sales-handoff-lead-to-revenue/","article","ja_JP","https://consilegy.com/images/wp/2026/02/dx.png"
"/case-studies/","website","ja_JP","https://consilegy.com/images/og-default.svg"
"/case-studies/japan-market-entry-gtm-architecture-2/","article","ja_JP","https://consilegy.com/images/wp/2026/02/jackie-alexander-tV79ff0YlXM-unsplash-scaled.jpg"
"/case-studies/japan-market-entry-gtm-architecture/","article","ja_JP","https://consilegy.com/images/wp/2026/02/jackie-alexander-tV79ff0YlXM-unsplash-scaled.jpg"
"/case-studies/marketing-data-integration-hubspot-migration-2/","article","ja_JP","https://consilegy.com/images/wp/2026/02/apex-virtual-education-KNQUEQwTCY4-unsplash-scaled.jpg"
"/case-studies/marketing-data-integration-hubspot-migration/","article","ja_JP","https://consilegy.com/images/wp/2026/02/apex-virtual-education-KNQUEQwTCY4-unsplash-scaled.jpg"
"/company/","website","ja_JP","https://consilegy.com/images/og-default.svg"
"/contact/","website","ja_JP","https://consilegy.com/images/og-default.svg"
"/download/","website","ja_JP","https://consilegy.com/images/og-default.svg"
"/en/case-studies/","website","en_US","https://consilegy.com/images/og-default.svg"
"/en/company-en/","website","en_US","https://consilegy.com/images/og-default.svg"
"/en/contact-en/","website","en_US","https://consilegy.com/images/og-default.svg"
"/en/ga4-utilization-assessment/","website","en_US","https://consilegy.com/images/og-default.svg"
"/en/ga4-utilization-checklist/","website","en_US","https://consilegy.com/images/og-default.svg"
"/en/","website","en_US","https://consilegy.com/images/og-default.svg"
"/en/others/supercharge-b2b-sales-results-advanced-hubspot-techniques-and-abm-secrets/","article","en_US","https://consilegy.com/images/og-default.svg"
"/en/privacy-policy/","website","en_US","https://consilegy.com/images/og-default.svg"
"/en/services-en/adoption-growth-support/","website","en_US","https://consilegy.com/images/og-default.svg"
"/en/services-en/assistance-in-attracting-digital-nomads-and-remote-worker/","website","en_US","https://consilegy.com/images/og-default.svg"
"/en/services-en/crm-revops-implementation/","website","en_US","https://consilegy.com/images/og-default.svg"
"/en/services-en/event-website-development-package/","website","en_US","https://consilegy.com/images/og-default.svg"
"/en/services-en/hubspot-implementation-operations-support/","website","en_US","https://consilegy.com/images/og-default.svg"
"/en/services-en/","website","en_US","https://consilegy.com/images/og-default.svg"
"/en/services-en/japan-market-gtm-messaging/","website","en_US","https://consilegy.com/images/og-default.svg"
"/free-consultation/","website","ja_JP","https://consilegy.com/images/og-default.svg"
"/ga4-utilization-check/","website","ja_JP","https://consilegy.com/images/og-default.svg"
"/","website","ja_JP","https://consilegy.com/images/og-default.svg"
"/insights/","website","ja_JP","https://consilegy.com/images/og-default.svg"
"/ir/","website","ja_JP","https://consilegy.com/images/og-default.svg"
"/ir/koukoku/","website","ja_JP","https://consilegy.com/images/og-default.svg"
"/marketing-strategy/btob企業が陥りがちな「上流戦略」の落とし穴3選/","article","ja_JP","https://consilegy.com/images/og-default.svg"
"/marketing-strategy/data-driven-marketing-art/","article","ja_JP","https://consilegy.com/images/og-default.svg"
"/marketing-strategy/ga4xhubspotxai/","article","ja_JP","https://consilegy.com/images/og-default.svg"
"/marketing-strategy/hubspot-b2b-sales-advanced-abm-tips/","article","ja_JP","https://consilegy.com/images/og-default.svg"
"/marketing-strategy/","website","ja_JP","https://consilegy.com/images/og-default.svg"
"/marketing-strategy/top-down-strategy-3-points/","article","ja_JP","https://consilegy.com/images/og-default.svg"
"/marketing/ai-marketing-efficiency/","article","ja_JP","https://consilegy.com/images/og-default.svg"
"/marketing/https-seikoyamaguchi-com-googleanalytics-datadriven-marketing/","article","ja_JP","https://consilegy.com/images/wp/2025/01/google-analytics.jpg"
"/marketing/hubspot-lead-workflow/","article","ja_JP","https://consilegy.com/images/wp/2025/02/campaign-creators-kQ4tBklJI-unsplash.jpg"
"/marketing/","website","ja_JP","https://consilegy.com/images/og-default.svg"
"/marketing/marketing-automation-tool/","article","ja_JP","https://consilegy.com/images/wp/2025/04/MarketingAutomation.jpg"
"/marketing/marketing-target/","article","ja_JP","https://consilegy.com/images/wp/2021/08/target.png"
"/marketing/privacy-settings-for-google-adsence/","article","ja_JP","https://consilegy.com/images/wp/2023/10/google-privacy.jpg"
"/marketing/sales-force-pardot/","article","ja_JP","https://consilegy.com/images/wp/2022/05/saleforce-pardot.jpg"
"/marketing/seo-to-geo-generative-engine-optimization/","article","ja_JP","https://consilegy.com/images/wp/2025/06/solen-feyissa-Aj7cDaR6QXs-unsplash.jpg"
"/marketing/upstream-marketing-strategy/","article","ja_JP","https://consilegy.com/images/wp/2025/01/image.jpg"
"/marketing/youtubeads-autoadblock-autoadskip/","article","ja_JP","https://consilegy.com/images/wp/2021/08/youtubeads.png"
"/my-opinion/ai-introduction-checklist-chatgpt-gemini/","article","ja_JP","https://consilegy.com/images/wp/2025/05/image-4.jpg"
"/my-opinion/","website","ja_JP","https://consilegy.com/images/og-default.svg"
"/note/","website","ja_JP","https://consilegy.com/images/og-default.svg"
"/others/","website","ja_JP","https://consilegy.com/images/og-default.svg"
"/others/【保存版】中小企業のためのhubspot完全ガイド｜無料/","article","ja_JP","https://consilegy.com/images/og-default.svg"
"/others/【必読】hubspotが大企業のマーケティングdxを加速させ/","article","ja_JP","https://consilegy.com/images/og-default.svg"
"/privacy-policy/","website","ja_JP","https://consilegy.com/images/og-default.svg"
"/project-management/","website","ja_JP","https://consilegy.com/images/og-default.svg"
"/project-management/project-manegement-roles/","article","ja_JP","https://consilegy.com/images/wp/2025/01/marvin-meyer-SYTO3xs06fU-unsplash-2.jpg"
"/project-management/remote-project-management/","article","ja_JP","https://consilegy.com/images/og-default.svg"
"/project-management/respond-to-project-issues/","article","ja_JP","https://consilegy.com/images/og-default.svg"
"/revenue-architecture/","website","ja_JP","https://consilegy.com/images/og-default.svg"
"/services/digital-nomad/","website","ja_JP","https://consilegy.com/images/og-default.svg"
"/services/en-revenue-architecture-design/","website","ja_JP","https://consilegy.com/images/og-default.svg"
"/services/hubspot-implementation-consulting/","website","ja_JP","https://consilegy.com/images/og-default.svg"
"/services/","website","ja_JP","https://consilegy.com/images/og-default.svg"
"/services/marketing-strategy-design/","website","ja_JP","https://consilegy.com/images/og-default.svg"
"/services/operational-adoption-optimization/","website","ja_JP","https://consilegy.com/images/og-default.svg"
"/services/revenue-architecture-design/","website","ja_JP","https://consilegy.com/images/og-default.svg"
"/services/revops-ma-crm-sfa-implementation/","website","ja_JP","https://consilegy.com/images/og-default.svg"
"/services/website-for-events/","website","ja_JP","https://consilegy.com/images/og-default.svg"
"/simple_diagnos/","website","ja_JP","https://consilegy.com/images/og-default.svg"
